brand,name,price
Puma,evoKNIT Mens Astro Turf Trainers,"48,00 € "
Puma,Future 2.1 Mens FG Football Boots,"227,99 € "
Puma,ONE 1 Mens FG Football Boots,"215,99 € "
Puma,Future 2.2 Mens FG Football Boots,"113,99 € "
Puma,ONE 2 Mens FG Football Boots,"105,59 € "
Puma,Future 2.3 Mens FG Football Boots,"77,99 € "
Puma,ONE 3 Mens FG Football Boots,"68,39 € "
Puma,Future 2.4 Mens FG Football Boots,"53,99 € "
Puma,Future 2.4 Mens Astro Turf Trainers,"53,99 € "
Puma,One 4 Mens Astro Turf Trainers,"47,99 € "
Puma,ONE 4 Mens FG Football Boots,"47,99 € "
adidas,Predator 18.1 Homme FG Chaussures de foot,"215,99 € "
adidas,X 18.1 Homme FG Chaussures de foot,"215,99 € "
adidas,Nemeziz 18.1 Homme FG Chaussures de foot,"215,99 € "
adidas,Nemeziz Messi 18.1 Homme FG Chaussures de foot,"215,99 € "
adidas,Copa 18.1 Homme FG Chaussures de foot,"203,99 € "
adidas,Nemeziz 18.2 Homme FG Chaussures de foot,"131,99 € "
adidas,Copa 18.2 Homme FG Chaussures de foot,"101,99 € "
adidas,Nemeziz 18.3 Homme FG Chaussures de foot,"95,99 € "
adidas,Predator 18.3 Homme FG Chaussures de foot,"95,99 € "
adidas,Predator 18.3 Homme AG Chaussures de foot,"95,99 € "
adidas,Predator Tango 18.3 Homme Astro Turf Tennis,"95,99 € "
adidas,Predator Tango 18.3 Homme Chaussures de foot indoor,"95,99 € "
adidas,X Tango 18.3 Tango Mens Astro Turf Trainers,"83,99 € "
adidas,X Tango 18.3 Homme Chaussures de foot indoor,"83,99 € "
adidas,X 18.3 Homme FG Chaussures de foot,"83,99 € "
adidas,X 18.3 Mens AG Football Boots,"83,99 € "
adidas,Predator 18.2 Homme FG Chaussures de foot,"78,00 € "
adidas,X 18.2 Homme FG Chaussures de foot,"66,00 € "
adidas,X Tango 18.4 Homme Chaussures de foot indoor,"41,99 € "
adidas,Nemeziz Tango 18.3 Mens Astro Turf Football Trainers,"48,00 € "
adidas,Nemeziz Messi 18.3 Homme FG Chaussures de foot,"48,00 € "
adidas,Predator Tango 18.4 Homme Chaussures de foot indoor,"47,99 € "
adidas,Copa 18.3 Homme FG Chaussures de foot,"36,00 € "
adidas,Predator 18.4 Homme FG Chaussures de foot,"30,00 € "
adidas,Predator Tango 18.4 Homme Astro Turf Tennis,"30,00 € "
adidas,Nemeziz Tango 18.4 Homme Astro Turf Tennis,"27,60 € "
adidas,Nemeziz 18.4 Homme FG Chaussures de foot,"27,60 € "
adidas,X 18.4 Homme FG Chaussures de foot,"26,40 € "
adidas,X Tango 18.4 Homme Astro Turf Tennis,"26,40 € "
Nike,Mercurial Superfly Pro DF Mens AG Football Boots,"155,99 € "
Nike,Hypervenom Phantom Pro DF Mens FG Football Boots,"155,99 € "
Nike,Magista Obra Pro DF Mens FG Football Boots,"155,99 € "
Nike,Tiempo Legend Pro Mens FG Football Boots,"137,99 € "
Nike,Mercurial Vapor Pro Mens FG Football Boots,"125,99 € "
Nike,Mercurial Superfly Academy DF Mens FG Football Boots,"95,99 € "
Nike,Hypervenom Phantom Academy DF Mens FG Football Boots,"95,99 € "
Nike,Magista Obra Academy DF Mens FG Football Boots,"95,99 € "
Nike,Mercurial Superfly Academy DF Mens Indoor Football Trainers,"95,99 € "
Nike,Mercurial Superfly Academy DF Mens Astro Turf Trainers,"95,99 € "
Nike,Hypervenom Phantom Academy DF Mens Astro Turf Trainers,"95,99 € "
Nike,Mercurial Vapor Academy Mens Astro Turf Trainers,"81,59 € "
Nike,Mercurial Vapor Academy Mens FG Football Boots,"81,59 € "
Nike,Mercurial Superfly Pro DF Mens FG Football Boots,"78,00 € "
Nike,Mercurial Superfly Club DF Mens Astro Turf Trainers,"71,99 € "
Nike,Mercurial Superfly Club DF Mens Indoor Football Trainers,"71,99 € "
Nike,Hypervenom Phantom Club Mens Astro Turf Trainers,"51,59 € "
Nike,Tiempo Legend Club Mens Indoor Football Trainers,"51,59 € "
Nike,Hypervenom Phantom 3 Academy DF Mens AG Football Boots,"48,00 € "
Nike,Hypervenom Phantom Club Mens FG Football Boots,"41,99 € "
Nike,Tiempo Legend Club Mens Astro Turf Trainers,"41,99 € "
Nike,Hypervenom Phantom 3 Academy Mens FG Football Boots,"40,80 € "
Nike,Hypervenom Phantom Academy Mens Astro Turf Trainers,"40,80 € "
Nike,Tiempo Legend Club Mens FG Football Boots,"37,20 € "
Nike,Tiempo Legend Academy Mens FG Football Boots,"36,00 € "
Nike,Tiempo Legend Academy Mens Astro Turf Trainers,"36,00 € "
Nike,Mercurial Vapor Club Mens Astro Turf Trainers,"26,40 € "
Nike,Mercurial Vapor Club Mens Indoor Football Trainers,"26,40 € "
Nike,Hypervenom Phantom Club Mens Indoor Football Trainers,"26,40 € "
Puma,365 Ignite Netfit Indoor Football Trainers ,"60,00 € "
Puma,365 Ignite Street Mens Football Trainers,"51,60 € "
Puma,Future 18.3 Mens FG Football Boots,"45,60 € "
Puma,Future 18.3 Mens MG Football Boots,"45,60 € "
Puma,Future 18.4 Mens FG Football Boots,"33,60 € "
Puma,Future 18.4 Mens MG Football Boots,"33,60 € "
Puma,Future 18.4 Mens Indoor Football Trainers,"33,60 € "
Puma,Future 18.4 Mens Astro Turf Trainers ,"33,60 € "
adidas,Nemeziz Messi 17.1 Homme FG Chaussures de foot,"239,99 € "
adidas,Nemeziz 17.1 Homme FG Chaussures de foot,"162,00 € "
adidas,Predator 18.1 Homme FG Chaussures de foot,"162,00 € "
adidas,Predator 18.1 Homme SG Chaussures de foot,"162,00 € "
adidas,X 17.1 Homme FG Chaussures de foot,"144,00 € "
adidas,Copa 18.1 Mens FG Fooball Boots,"138,00 € "
adidas,Predator 18.2 Homme FG Chaussures de foot,"108,00 € "
adidas,Copa 18.2 Homme FG Chaussures de foot,"101,99 € "
adidas,Predator Tango 18.3 Homme Astro Turf Tennis,"95,99 € "
adidas,Nemeziz Tango 17.3 Homme Astro Turf Tennis,"95,99 € "
adidas,Nemeziz 17.2 FG Homme Chaussures de foot,"78,00 € "
adidas,Nemeziz 17.3 AG Homme Chaussures de foot,"66,00 € "
adidas,Predator 18.3 Homme FG Chaussures de foot,"66,00 € "
adidas,Predator 18.3 Homme AG Chaussures de foot,"66,00 € "
adidas,X 17.2 Homme FG Chaussures de foot,"66,00 € "
adidas,Predator Tango 18.3 Homme Chaussures de foot indoor,"66,00 € "
adidas,X 17.3 Homme Astro Turf Tennis,"57,60 € "
adidas,Nemeziz Messi Tango 17.3 Homme Astro Turf Tennis,"48,00 € "
adidas,Nemeziz Messi 17.3 FG Homme Chaussures de foot,"48,00 € "
adidas,Nemeziz 17.3 Homme FG Chaussures de foot,"48,00 € "
adidas,X 17.3 FG Homme Chaussures de foot,"42,00 € "
adidas,Predator Tango 18.4 Sala Mens Indoor Football Trainers,"38,40 € "
adidas,X 17.4 Homme Chaussures de foot indoor,"37,20 € "
adidas,Copa 18.3 FG Homme Chaussures de foot,"36,00 € "
adidas,Nemeziz Messi 17.4 Homme FG Chaussures de foot,"30,00 € "
adidas,Nemeziz 17.4 Homme FG Chaussures de foot,"30,00 € "
adidas,Predator 18.4 Homme FG Chaussures de foot,"30,00 € "
adidas,Predator Tango 18.4 Homme Astro Turf Tennis,"30,00 € "
adidas,Nemeziz Messi Tango 17.4 Homme Astro Turf Tennis,"30,00 € "
adidas,Nemeziz Messi Tango 17.4 Homme Chaussures de foot indoor,"30,00 € "
adidas,Nemeziz Tango 17.4 Homme Astro Turf Tennis,"30,00 € "
adidas,X 17.4 Homme Astro Turf Tennis,"26,40 € "
adidas,X 17.4 Homme FG Chaussures de foot,"26,40 € "
Nike,Mercurial Superfly Club CR7 DF Mens Indoor Football Trainers,"77,99 € "
Nike,Mercurial Superfly Academy CR7 DF Mens Astro Turf Trainers,"70,80 € "
Nike,Mercurial Superfly Academy CR7 DF Mens Indoor Football Trainers ,"70,80 € "
Nike,Mercurial Superfly Academy CR7 DF Mens FG Football Boots,"70,80 € "
Nike,Mercurial Vapor Academy CR7 Mens FG Football Boots,"63,60 € "
Nike,Mercurial Vapor Academy CR7 Mens Astro Turf Trainers,"44,40 € "
Nike,Mercurial Vapor Club CR7 Mens Indoor Football Trainers,"39,60 € "
Nike,Mercurial Vapor Club CR7 Mens Astro Turf Trainers,"28,80 € "
adidas,Predator 18.1 Homme FG Chaussures de foot,"120,00 € "
adidas,X 17.1 FG Homme Chaussures de foot,"108,00 € "
adidas,Copa 18.1 Homme FG Chaussures de foot,"102,00 € "
adidas,Nemeziz 17.2 Homme FG Chaussures de foot ,"78,00 € "
adidas,Predator 18.2 Homme FG Chaussures de foot,"78,00 € "
adidas,X 17.2 Homme FG Chaussures de foot ,"66,00 € "
adidas,Predator Tango 18.3 Homme Chaussures de foot indoor,"48,00 € "
adidas,Copa 18.2 Homme FG Chaussures de foot,"51,60 € "
adidas,Copa Tango 18.3 Mens Indoor Football Trainers,"50,40 € "
adidas,Predator Tango 18.3 Mens Trainers,"48,00 € "
adidas,Predator Tango 18.3 Homme Astro Turf Tennis ,"48,00 € "
adidas,Nemeziz Tango 17.3 Homme Astro Turf Tennis,"48,00 € "
adidas,Nemeziz 17.3 Homme FG Chaussures de foot,"48,00 € "
adidas,Predator 18.3 Homme FG Chaussures de foot,"48,00 € "
adidas,X 17.3 FG Homme Chaussures de foot,"42,00 € "
adidas,X Tango 17.3 Homme Astro Turf Tennis ,"42,00 € "
adidas,X Tango 17.3 Homme Chaussures de foot indoor,"42,00 € "
adidas,Predator 18.4 Sala Homme Chaussures de foot indoor,"38,40 € "
adidas,Copa Tango 18.3 Homme Astro Turf Tennis ,"36,00 € "
adidas,Copa 18.3 Homme FG Chaussures de foot ,"36,00 € "
adidas,Nemeziz 17.4 Homme FG Chaussures de foot,"30,00 € "
adidas,Predator 18.4 Homme FG Chaussures de foot,"30,00 € "
adidas,Nemeziz Tango 17.4 Homme Astro Turf Tennis,"30,00 € "
adidas,Predator Tango 18.4 Homme Astro Turf Tennis ,"30,00 € "
adidas,X 17.4 Homme FG Chaussures de foot ,"26,40 € "
Nike,Mercurial Superfly Pro Mens FG Football Boots,"155,99 € "
Nike,Mercurial Superfly Pro Mens FG Football Boots,"155,99 € "
Nike,Mercurial Vapor Pro Mens FG Football Boots,"125,99 € "
Nike,Mercurial Vapor Pro Mens FG Football Boots,"63,60 € "
Nike,Mercurial Vapor Club Mens FG Football Boots,"51,59 € "
Nike,Mercurial Vapor Club Mens FG Football Boots,"51,59 € "
Nike,Mercurial Superfly Academy Mens FG Football Boots ,"48,00 € "
Nike,Mercurial Superfly Academy Mens SG Football Boots,"48,00 € "
Nike,Mercurial Superfly Academy Mens Astro Turf Trainers,"48,00 € "
Nike,Mercurial Superfly Academy Mens Indoor Football Trainers,"48,00 € "
Nike,Mercurial Vapor Academy Mens Astro Turf Trainers,"40,80 € "
Nike,Mercurial Vapor Academy Mens Astro Turf Trainers,"40,80 € "
Nike,Mercurial Vapor Academy Mens FG Football Boots  ,"40,80 € "
Nike,Mercurial Vapor Academy Mens FG Football Boots  ,"40,80 € "
Nike,Mercurial Vapor Club Mens Indoor Football Trainers ,"37,20 € "
Nike,Mercurial Superfly Club Mens Astro Turf Trainers,"36,00 € "
Nike,Mercurial Superfly Club Indoor Football Trainers ,"36,00 € "
Nike,Mercurial Superfly Club Mens FG Football Boots,"36,00 € "
Nike,Mercurial Vapor Club Mens Astro Turf Trainers,"26,40 € "
Nike,Mercurial Vapor Club Mens Astro Turf Trainers,"26,40 € "
adidas,Nemeziz 17.1 Homme FG Chaussures de foot ,"120,00 € "
adidas,Predator 18.1 Homme FG Chaussures de foot ,"120,00 € "
adidas,Predator 18.1 Homme SG Chaussures de foot,"162,00 € "
adidas,X 17.1 FG Homme Chaussures de foot,"144,00 € "
adidas,Copa 18.1 Homme FG Chaussures de foot,"138,00 € "
Puma,Future 18.1 Mens FG Football Boots,"138,00 € "
adidas,Nemeziz Messi 17.1 Homme FG Chaussures de foot,"120,00 € "
adidas,Nemeziz 17.1 Homme FG Chaussures de foot,"120,00 € "
adidas,Nemeziz 17.1 Homme SG Chaussures de foot ,"120,00 € "
Nike,Hypervenom Phantom Pro DF Mens FG Football Boots,"114,00 € "
Nike,Magista Obra Pro DF Mens FG Football Boots ,"114,00 € "
Puma,Future 18.1 Mens SG Football Boots,"108,00 € "
Nike,Tiempo Legend Pro Mens FG Football Boots ,"102,00 € "
adidas,Nemeziz 17.2 Homme FG Chaussures de foot,"78,00 € "
adidas,Predator 18.2 Homme FG Chaussures de foot,"78,00 € "
adidas,Nemeziz Messi 17.2 Homme FG Chaussures de foot,"78,00 € "
adidas,X 17.2 Homme FG Chaussures de foot ,"66,00 € "
adidas,Predator Tango 18.3 Mens Indoor Trainers,"66,00 € "
adidas,Predator Tango 18.3 Mens Football Trainers,"66,00 € "
Puma,Future 18.2 Mens FG Football Boots,"60,00 € "
Nike,Hypervenom Phantom Academy Mens FG Football Boots,"57,60 € "
adidas,Copa 18.2 Homme FG Chaussures de foot,"51,60 € "
Nike,Tiempo Legend Academy Mens Astro Turf Trainers,"50,40 € "
Nike,Hypervenom Phantom Academy DF Mens Astro Turf Trainers,"48,00 € "
adidas,Predator Tango 18.3 Homme Astro Turf Tennis,"48,00 € "
adidas,Nemeziz Tango 17.3 Homme Astro Turf Tennis,"48,00 € "
adidas,Nemeziz Messi Tango 17.3 Homme Astro Turf Tennis,"48,00 € "
adidas,Nemeziz Messi 17.3 Homme FG Chaussures de foot,"48,00 € "
adidas,Nemeziz 17.3 Homme FG Chaussures de foot,"48,00 € "
adidas,Predator 18.3 Homme FG Chaussures de foot,"48,00 € "
adidas,Predator 18.3 Homme AG Chaussures de foot,"48,00 € "
adidas,Predator 18.3 SG Mens Football Boots,"48,00 € "
Nike,Hypervenom Phantom Academy DF Mens SG Football Boots,"48,00 € "
Nike,Magista Obra Academy DF Mens FG Football Boots,"48,00 € "
Nike,Hypervenom Phantom Academy DF Mens FG Football Boots,"48,00 € "
Puma,Future 18.4 Mens Indoor Football Trainers,"46,80 € "
Puma,Future 18.3 Mens FG Football Boots,"45,60 € "
Puma,Future 18.3 Mens MG Football Boots,"45,60 € "
adidas,X 17.3 Homme FG Chaussures de foot,"42,00 € "
adidas,X 17.3 Homme SG Chaussures de foot ,"42,00 € "
adidas,X Tango 17.3 Homme Astro Turf Tennis ,"42,00 € "
Nike,Hypervenom Phantom Academy Mens Astro Turf Trainers,"40,80 € "
adidas,Copa 18.3 Homme SG Chaussures de foot,"39,60 € "
Puma,Future 18.4 Mens SG Football Boots,"39,60 € "
adidas,Predator 18.4 Sala Homme Chaussures de foot indoor ,"38,40 € "
adidas,X Tango 17.4 Homme Chaussures de foot indoor ,"37,20 € "
Nike,Hypervenom Phantom Club Mens Astro Turf Trainers,"37,20 € "
Nike,Hypervenom Phantom Club Mens Indoor Football Trainers,"37,20 € "
Nike,Tiempo Legend Club Mens Astro Turf Trainers,"37,20 € "
Nike,Tiempo Legend Club Indoor Mens Football Trainers,"37,20 € "
adidas,Copa Tango 18.3 Homme Astro Turf Tennis,"36,00 € "
Nike,Tiempo Legend Academy Mens SG Football Boots,"36,00 € "
adidas,Copa 18.3 Homme FG Chaussures de foot,"36,00 € "
Puma,Future 18.4 Mens FG Football Boots,"33,60 € "
Puma,Future 18.4 Mens MG Football Boots ,"33,60 € "
Puma,Future 18.4 Mens Astro Turf Football Trainers,"33,60 € "
adidas,Nemeziz Messi Tango 17.4 Homme Astro Turf Tennis,"30,00 € "
adidas,Nemeziz Messi Tango 17.4 Homme Chaussures de foot indoor,"30,00 € "
adidas,Nemeziz Tango 17.4 Homme Astro Turf Tennis,"30,00 € "
adidas,Predator Tango 18.4 Homme Astro Turf Tennis,"30,00 € "
adidas,Nemeziz Messi 17.4 Homme FG Chaussures de foot,"30,00 € "
adidas,Nemeziz 17.4 Homme FG Chaussures de foot,"30,00 € "
adidas,Predator 18.4 Homme FG Chaussures de foot,"30,00 € "
adidas,X 17.4 Homme FG Chaussures de foot,"26,40 € "
Nike,Tiempo Legend Club Mens SG Football Boots,"26,40 € "
adidas,X Tango 17.4 Homme Astro Turf Tennis,"26,40 € "
adidas,Goletto Homme Astro Turf Tennis,"24,00 € "
adidas,Goletto Firm Ground Chaussures de foot Homme,"24,00 € "
Nike,Mercurial Pro Neymar Mens FG Football Boots,"96,00 € "
Nike,Mercurial Academy Neymar Mens FG Football Boots,"48,00 € "
Nike,Mercurial Academy Neymar Mens FG Football Boots,"40,80 € "
Nike,Magista Onda II DF Mens FG Football Boots,"66,00 € "
Nike,Tiempo Academy Homme FG Chaussures de foot,"51,60 € "
Nike,Mercurial Victory DF Homme FG Chaussures de foot,"48,00 € "
Nike,Mercurial Victory DF Homme AG Chaussures de foot,"48,00 € "
Nike,Hypervenom Phelon III DF Homme FG Chaussures de foot,"48,00 € "
Nike,Hypervenom Phelon III DF Homme AG Chaussures de foot,"48,00 € "
Nike,Mercurial Victory DF Homme SG Chaussures de foot ,"48,00 € "
Nike,Mercurial Victory DF Homme Astro Turf Tennis,"48,00 € "
Nike,Hypervenom Phelon III DF Homme Astro Turf Tennis,"48,00 € "
adidas,Predator 18.1 Homme SG Chaussures de foot,"135,00 € "
adidas,Predator 18.1 Homme FG Chaussures de foot,"135,00 € "
adidas,Nemeziz 17.1 Homme FG Chaussures de foot,"120,00 € "
adidas,Nemeziz Messi 17.1 Homme FG Chaussures de foot,"120,00 € "
adidas,Nemeziz 17.1 Homme SG Chaussures de foot,"168,00 € "
adidas,X 17.1 FG Homme Chaussures de foot,"108,00 € "
adidas,Copa 18.1 FG Homme Chaussures de foot,"138,00 € "
adidas,Predator 18.2 Homme FG Chaussures de foot,"126,00 € "
adidas,Nemeziz Messi 17.2 Homme FG Chaussures de foot,"78,00 € "
adidas,Nemeziz 17.2 Homme FG Chaussures de foot,"78,00 € "
adidas,X 17.2 FG Homme Chaussures de foot,"66,00 € "
adidas,Predator 18.3 Homme FG Chaussures de foot ,"75,60 € "
adidas,Predator 18.3 Homme AG Chaussures de foot,"75,60 € "
adidas,Predator Tango 18.3 Homme Chaussures de foot indoor,"75,60 € "
adidas,Copa 18.2 Homme FG Chaussures de foot,"51,60 € "
adidas,Nemeziz 17.3 Homme FG Chaussures de foot,"48,00 € "
adidas,Nemeziz Messi 17.3 Homme FG Chaussures de foot,"48,00 € "
adidas,Predator Tango 18.3 Homme Chaussures de foot indoor ,"48,00 € "
adidas,Predator Tango 18.3 Homme Astro Turf Tennis,"48,00 € "
adidas,Nemeziz Tango 17.3 Homme Astro Turf Tennis,"48,00 € "
adidas,Nemeziz Messi Tango 17.3 Homme Astro Turf Tennis,"48,00 € "
adidas,X Tango 17.3 Homme Astro Turf Tennis,"42,00 € "
adidas,X 17.3 Homme SG Chaussures de foot,"42,00 € "
adidas,Copa 18.3 Homme FG Chaussures de foot,"57,60 € "
adidas,Copa Tango 18.3 Homme Astro Turf Tennis,"57,60 € "
adidas,Copa 18.3 Homme SG Chaussures de foot,"39,60 € "
adidas,Predator 18.3 Homme SG Chaussures de foot,"48,00 € "
adidas,Predator 18.4 Homme FG Chaussures de foot,"48,00 € "
adidas,Predator Tango 18.4 Homme Astro Turf Tennis,"48,00 € "
adidas,Nemeziz Tango 17.4 Homme Astro Turf Tennis,"30,00 € "
adidas,Nemeziz Messi Tango 17.4 Homme Chaussures de foot indoor,"42,00 € "
adidas,X 17.3 Homme FG Chaussures de foot,"42,00 € "
adidas,Nemeziz Messi 17.4 Homme FG Chaussures de foot,"30,00 € "
adidas,Predator 18.4 Sala Homme Chaussures de foot indoor,"27,60 € "
adidas,X Tango 17.4 Homme Chaussures de foot indoor,"37,20 € "
adidas,X 17.4 Homme FG Chaussures de foot,"26,40 € "
adidas,Nemeziz 17.4 Homme FG Chaussures de foot ,"30,00 € "
adidas,Nemeziz Messi Tango 17.4 Homme Astro Turf Tennis,"30,00 € "
adidas,Predator Tango 18.4 Homme Chaussures de foot indoor ,"30,00 € "
adidas,Nemeziz Sala 17.4 Homme Chaussures de foot indoor,"27,60 € "
adidas,X 17.4 Homme Astro Turf Tennis,"26,40 € "
Nike,Mercurial Veloce DF Homme FG Chaussures de foot,"138,00 € "
Nike,Hypervenom Phatal DF Mens FG Football Boots,"126,00 € "
Nike,Mercurial Veloce DF Homme FG Chaussures de foot,"122,40 € "
Nike,Magista Orden Mens FG Football Boots,"87,60 € "
Nike,Mercurial Victory DF Homme FG Chaussures de foot ,"75,60 € "
Nike,Mercurial Victory DF Homme Astro Turf Tennis,"75,60 € "
Nike,Mercurial Victory DF Homme Chaussures de foot indoor,"75,60 € "
Nike,Mercurial Victory DF Homme Astro Turf Tennis,"67,20 € "
Nike,Mercurial Victory DF Homme SG Chaussures de foot,"67,20 € "
Nike,Mercurial Victory DF Homme FG Chaussures de foot ,"66,00 € "
Nike,Magista Onda DF Mens FG Football Boots ,"66,00 € "
Nike,Hypervenom Phelon DF Mens FG Football Boots,"66,00 € "
Nike,Mercurial Victory Homme FG Chaussures de foot,"62,39 € "
Nike,Hypervenom Phelon Homme FG Chaussures de foot ,"55,20 € "
Nike,Hypervenom Phelon Homme Astro Turf Tennis,"55,20 € "
Nike,Mercurial Victory Homme Astro Turf Tennis ,"55,20 € "
Nike,Tiempo Ligera Homme Astro Turf Tennis,"50,40 € "
Nike,Tiempo Ligera Homme Chaussures de foot indoor ,"50,40 € "
Nike,Tiempo Ligera FG Homme Chaussures de foot,"50,40 € "
Nike,Tiempo Ligera FG Homme Chaussures de foot,"50,40 € "
Nike,Hypervenom Phelon DF Mens FG Football Boots,"48,00 € "
Nike,Magista Onda DF Mens FG Football Boots ,"48,00 € "
Nike,Magista Onda DF Mens SG Football Boots,"48,00 € "
Nike,Hypervenom Phelon DF Homme Chaussures de foot indoor ,"48,00 € "
Nike,Hypervenom 3 Phelon DF Homme Astro Turf Tennis,"48,00 € "
Nike,Hypervenom 3 Phelon DF Homme Astro Turf Tennis,"48,00 € "
Nike,Magista Onda DF Homme Astro Turf Tennis,"48,00 € "
Nike,Magista Onda DF Homme Astro Turf Tennis,"48,00 € "
Nike,Mercurial Vortex Homme Astro Turf Tennis,"45,60 € "
Nike,Mercurial Vortex Homme Chaussures de foot indoor,"45,60 € "
Nike,Mercurial Vortex Homme FG Chaussures de foot,"45,60 € "
Nike,Mercurial Vortex Homme FG Chaussures de foot,"34,20 € "
Nike,Mercurial Victory Homme FG Chaussures de foot,"39,60 € "
Nike,Hypervenom 3 Phade FG Homme Chaussures de foot,"39,60 € "
Nike,Magista Onda Homme FG Chaussures de foot,"39,60 € "
Nike,Hypervenom Phelon Homme Chaussures de foot indoor,"39,60 € "
Nike,Hypervenom Phade Homme Astro Turf Tennis,"39,60 € "
Nike,Mercurial Vortex Homme Astro Turf Tennis,"39,60 € "
Nike,Magisa X Onda Homme Astro Turf Tennis,"39,60 € "
Nike,Tiempo Rio Homme Astro Turf Tennis,"37,20 € "
Nike,Tiempo Rio Homme Chaussures de foot indoor,"37,20 € "
Nike,Magista X Ola Homme Astro Turf Tennis ,"37,20 € "
Nike,Tiempo Rio Homme FG Chaussures de foot,"37,20 € "
Nike,Tiempo Rio Homme FG Chaussures de foot,"37,20 € "
Nike,Tiempo Ligera Homme SG Chaussures de foot ,"36,00 € "
Nike,Hypervenom 3 Phade FG Homme Chaussures de foot,"28,80 € "
Nike,Hypervenom Phade Homme Astro Turf Tennis,"28,80 € "
Nike,Magista Ola Homme FG Chaussures de foot,"26,40 € "
Nike,Tiempo Rio Homme SG Chaussures de foot ,"26,40 € "
adidas,Nemeziz Messi 17.1 Homme FG Chaussures de foot,"132,00 € "
adidas,Nemeziz Messi 17.3 Homme FG Chaussures de foot,"48,00 € "
adidas,Nemeziz Messi 17.3 Homme Astro Turf Tennis,"48,00 € "
adidas,Nemeziz Messi 17.4 Homme Chaussures de foot indoor,"42,00 € "
adidas,Nemeziz Messi 17.4 Homme FG Chaussures de foot,"30,00 € "
adidas,X 17.1 SG Homme Chaussures de foot,"108,00 € "
adidas,Nemeziz 17.1 FG Homme Chaussures de foot,"132,00 € "
adidas,Ace 17.1 Homme FG Chaussures de foot,"132,00 € "
adidas,X 17.1 FG Homme Chaussures de foot,"108,00 € "
adidas,Copa 17.1 FG Homme Chaussures de foot,"102,00 € "
adidas,Nemeziz 17.1 SG Homme Chaussures de foot,"132,00 € "
adidas,Copa 17.2 FG Homme Chaussures de foot,"51,60 € "
adidas,X 17.2 FG Homme Chaussures de foot,"66,00 € "
adidas,Ace 17.2 Homme FG Chaussures de foot,"66,00 € "
adidas,X 17.3 Homme Astro Turf Tennis,"42,00 € "
adidas,Copa 17.2 SG Homme Chaussures de foot,"51,60 € "
adidas,Nemeziz 17.3 FG Homme Chaussures de foot,"28,80 € "
adidas,Nemeziz 17.3 Homme Chaussures de foot indoor,"48,00 € "
adidas,Nemeziz 17.2 FG Homme Chaussures de foot,"78,00 € "
adidas,X 17.3 FG Homme Chaussures de foot,"42,00 € "
adidas,X 17.3 Mens AG Football Boots,"42,00 € "
adidas,Ace 17.3 Homme FG Chaussures de foot,"42,00 € "
adidas,Ace 17.3 Homme AG Chaussures de foot,"42,00 € "
adidas,Nemeziz 17.4 Homme Astro Turf Tennis,"30,00 € "
adidas,Ace 17.3 Homme Astro Turf Tennis,"42,00 € "
adidas,Ace 17.3 Homme Chaussures de foot indoor,"42,00 € "
adidas,X 17.3 Homme Chaussures de foot indoor,"42,00 € "
adidas,Ace 17.4 Homme Astro Turf Tennis,"38,40 € "
adidas,X 17.4 Homme Astro Turf Tennis,"37,20 € "
adidas,X 17.4 Homme Chaussures de foot indoor,"27,60 € "
adidas,Copa 17.3 Homme Astro Turf Tennis,"36,00 € "
adidas,Copa 17.3 FG Homme Chaussures de foot,"36,00 € "
adidas,Nemeziz 17.4 FG Homme Chaussures de foot,"30,00 € "
adidas,Nemeziz 17.3 AG Homme Chaussures de foot,"28,79 € "
adidas,Nemeziz 17.3 Homme Astro Turf Tennis,"28,79 € "
adidas,Ace 17.4 FG Homme Chaussures de foot,"27,60 € "
adidas,X 17.4 FG Homme Chaussures de foot,"26,40 € "
Nike,Mercurial Veloce CR7 DF Homme FG Chaussures de foot,"120,00 € "
Nike,Mercurial Victory CR7 DF Homme SG Chaussures de foot,"67,20 € "
Nike,Mercurial Victory CR7 DF Homme Astro Turf Tennis,"67,20 € "
Nike,Mercurial Victory CR7 Homme FG Chaussures de foot,"55,20 € "
Nike,Mercurial Victory CR7 DF Homme FG Chaussures de foot ,"48,00 € "
Nike,MercurialX Victory CR7 DF Homme Chaussures de foot indoor,"48,00 € "
Nike,Mercurial Vortex CR7 Homme Chaussures de foot indoor,"40,80 € "
Nike,Mercurial Victory CR7 Homme Astro Turf Tennis,"39,60 € "
Nike,Mercurial Vortex CR7 Homme Astro Turf Tennis,"28,80 € "
Nike,Mercurial Vortex CR7 Mens FG Football Boots,"28,80 € "
Puma,One 17.1 MX SG Chaussures de foot Homme,"139,20 € "
Puma,One 17.4 Homme Chaussures de foot indoor,"38,40 € "
Puma,One 17.4 SG Homme Chaussures de foot,"30,00 € "
Puma,One 17.4 Homme FG Chaussures de foot,"27,60 € "
Puma,One 17.4 Homme Astro Turf Tennis,"20,40 € "
adidas,Nemeziz Messi 17.1 FG Homme Chaussures de foot,"132,00 € "
adidas,Nemeziz Messi 17.3 FG Homme Chaussures de foot,"28,80 € "
adidas,Nemeziz Messi 17.3 Homme Astro Turf Tennis,"48,00 € "
adidas,Nemeziz Messi 17.4 Homme Chaussures de foot indoor,"31,20 € "
adidas,Nemeziz Messi 17.4 Homme Astro Turf Tennis,"30,00 € "
adidas,Nemeziz Messi 17.4 FG Homme Chaussures de foot,"30,00 € "
adidas,X 17.1 FG Homme Chaussures de foot,"108,00 € "
adidas,X 17.1 SG Homme Chaussures de foot,"108,00 € "
adidas,X 17.2 FG Homme Chaussures de foot,"66,00 € "
adidas,X 17.3 FG Homme Chaussures de foot,"42,00 € "
adidas,X 17.3 Homme Indoor Chaussures de foot,"57,60 € "
adidas,Copa 17.2 FG Homme Chaussures de foot,"51,60 € "
adidas,X 17.3 Artificial Ground Chaussures de foot,"42,00 € "
adidas,X 17.3 Soft Ground Chaussures de foot,"42,00 € "
adidas,X Tango 17.3 TF Chaussures de foot Homme,"42,00 € "
adidas,X 17.4 Homme Astro Turf Tennis,"37,20 € "
adidas,X 17.4 Homme Chaussures de foot indoor,"37,20 € "
adidas,Copa 17.3 Chaussures de foot,"36,00 € "
adidas,Copa 17.3 FG Homme Chaussures de foot,"36,00 € "
adidas,X 17.4 Chaussures de foot,"26,40 € "
adidas,Ace 17.1 Primeknit FG Homme Chaussures de foot,"144,00 € "
adidas,Ace 17.1 Primeknit SG Homme Chaussures de foot,"132,00 € "
adidas,Ace 17.2 Primemesh FG Chaussures de foot Homme,"66,00 € "
adidas,Ace 17.3 Primemesh SG Homme Chaussures de foot,"60,00 € "
adidas,Ace 17.3 FG Chaussures de foot Homme,"43,20 € "
adidas,Ace 17.3 AG Chaussures de foot Homme,"43,20 € "
adidas,Ace 17.3 Primemesh Homme Astro Turf Tennis,"57,60 € "
adidas,Ace Tango 17.3 IN Chaussures de foot Homme,"43,20 € "
adidas,Ace 17.4 Homme Astro Turf Tennis,"38,40 € "
adidas,Ace 17.4 FG Homme Chaussures de foot,"28,80 € "
adidas,Nemeziz 17.1 FG Homme Chaussures de foot,"132,00 € "
adidas,Nemeziz 17.1 SG Homme Chaussures de foot,"132,00 € "
adidas,Nemeziz 17.3 Homme Chaussures de foot indoor,"48,00 € "
adidas,Nemeziz 17.3 Homme Astro Turf Tennis,"48,00 € "
adidas,Nemeziz 17.3 FG Homme Chaussures de foot,"48,00 € "
adidas,Nemeziz 17.3 AG Homme Chaussures de foot,"48,00 € "
adidas,Nemeziz 17.2 FG Homme Chaussures de foot,"78,00 € "
adidas,Goletto Firm Ground Chaussures de foot Homme,"38,40 € "
adidas,Ace 17.4 Sala Homme Chaussures de foot indoor,"38,40 € "
adidas,Nemeziz Sala 17.4 Homme Chaussures de foot indoor,"38,40 € "
adidas,Goletto Homme Astro Turf Tennis,"38,40 € "
adidas,Goletto Homme Astro Turf Tennis,"33,60 € "
adidas,Nemeziz 17.4 TF Chaussures de foot Homme,"30,00 € "
adidas,Nemeziz 17.4 FG Homme Chaussures de foot,"30,00 € "
adidas,Goletto Firm Ground Chaussures de foot Homme,"24,00 € "
Nike,Mercurial Victory Neymar Jr DF Indoor Homme Chaussures de foot,"66,00 € "
Nike,Mercurial Victory Neymar Jr DF Homme Astro Turf Tennis,"48,00 € "
Nike,Mercurial Victory Neymar Jr DF FG Homme Chaussures de foot,"48,00 € "
Nike,Mercurial Victory Neymar JR Homme FG Chaussures de foot,"39,60 € "
Nike,Mercurial Vortex Neymar Jr FG Homme Chaussures de foot,"39,60 € "
Nike,Mercurial Vortex Neymar Jr Homme Astro Turf Tennis,"29,40 € "
Nike,Mercurial Veloce Dynamic Fit FG Chaussures de foot Homme,"85,20 € "
Nike,Mercurial Victory Dynamic Fit FG Chaussures de foot Homme,"48,00 € "
Nike,Magista Onda II DF FG Homme Chaussures de foot,"48,00 € "
Nike,Magista Onda II DF SG Homme Chaussures de foot,"48,00 € "
Nike,Mercurial Victory Dynamic Fit SG Chaussures de foot Homme,"48,00 € "
Nike,Magista Onda DF Homme Astro Turf Tennis,"48,00 € "
Nike,Mercurial Victory Dynamic Fit TF Chaussures de foot Homme,"48,00 € "
Nike,Mercurial Victory TF Chaussures de foot Homme,"39,60 € "
Nike,Hypervenom Phelon 3 Homme Astro Turf Tennis,"39,60 € "
Nike,Magista Onda II Homme Astro Turf Tennis,"39,60 € "
Nike,Hypervenom Phelon Homme Chaussures de foot indoor,"39,60 € "
Nike,Hypervenom Phelon FG Homme Chaussures de foot,"39,60 € "
Nike,Magista Onda II FG Homme Chaussures de foot,"39,60 € "
Nike,Mercurial Victory FG Chaussures de foot Homme,"39,60 € "
Nike,Mercurial Vortex TF Chaussures de foot Homme,"39,60 € "
Nike,Tiempo Rio IV Homme Astro Turf Chaussures de foot,"37,20 € "
Nike,Tiempo Ligera IV FG Homme Chaussures de foot,"36,00 € "
Nike,Hypervenom Phade 3 FG Homme Chaussures de foot,"28,80 € "
Nike,Mercurial Vortex FG Chaussures de foot Homme,"28,80 € "
Nike,Hypervenom Phade 3 Homme Astro Turf Tennis,"21,60 € "
Nike,Magista Ola II Homme Astro Turf Tennis,"26,40 € "
Nike,Tiempo Rio IV FG Homme Chaussures de foot,"26,40 € "
Nike,Magista Ola II FG Homme Chaussures de foot,"26,40 € "
adidas,X 17.2 FG Homme Chaussures de foot,"66,00 € "
adidas,Nemeziz 17.2 FG Homme Chaussures de foot,"78,00 € "
adidas,Ace 17.2 Primemesh FG Homme Chaussures de foot,"66,00 € "
adidas,Ace 17.3 Primemesh FG Homme Chaussures de foot,"60,00 € "
adidas,Ace 17.3 Primemesh Homme Astro Turf Tennis,"60,00 € "
adidas,X 17.3 Homme Astro Turf Tennis,"42,00 € "
adidas,Ace 17.3 Primemesh Homme Chaussures de foot indoor,"42,00 € "
adidas,Nemeziz 17.3 Homme Astro Turf Tennis,"48,00 € "
adidas,Nemeziz 17.3 Homme Chaussures de foot indoor,"48,00 € "
adidas,Nemeziz 17.3 FG Homme Chaussures de foot,"48,00 € "
adidas,X 17.3 FG Homme Chaussures de foot,"42,00 € "
adidas,X 17.3 Homme Chaussures de foot indoor,"42,00 € "
adidas,Nemeziz Sala 17.4 Homme Chaussures de foot indoor,"38,40 € "
adidas,Nemeziz 17.4 FG Homme Chaussures de foot,"30,00 € "
Puma,One 17.1 FG Homme Chaussures de foot,"99,00 € "
Puma,One 17.2 FG Homme Chaussures de foot,"60,00 € "
Puma,One 17.3 FG Homme Chaussures de foot,"42,00 € "
Puma,One 17.4 Homme Astro Turf Tennis,"38,40 € "
Puma,One 17.4 Homme Chaussures de foot indoor,"38,40 € "
Puma,One 17.4 FG Homme Chaussures de foot,"27,60 € "
Puma,One 17.4 AG Homme Chaussures de foot,"27,60 € "
Puma,One 17.4 SG Homme Chaussures de foot,"17,99 € "
Nike,Mercurial Veloce CR7 DF FG Chaussures de foot Homme,"90,00 € "
Nike,Mercurial Victory CR7 DF Astro Turf Tennis Homme,"47,40 € "
Nike,Mercurial Victory CR7 Homme Astro Turf Tennis,"50,40 € "
Nike,Mercurial Victory CR7 Homme Indoor Tennis indoor,"37,80 € "
Nike,Mercurial Victory CR7 FG Homme Chaussures de foot,"37,80 € "
Nike,Mercurial Victory CR7 DF FG Chaussures de foot Homme,"45,60 € "
Nike,Mercurial Vortex CR7 FG Chaussures de foot Homme,"42,00 € "
Nike,Mercurial Vortex CR7 Homme Astro Turf Tennis,"42,00 € "
adidas,Predator 18.1 AG Mens Football Boots,"72,00 € "
Nike,Hyper Venom Phantom Homme Firm Ground Bottes ,"150,00 € "
Under Armour,SpeedForm Hybride SG Chaussures de foot Homme,"81,00 € "
adidas,Mundial Équipe Homme Astro Turf Tennis,"105,59 € "
Under Armour,SpeedForm Leather FG Chaussures de foot Homme,"102,00 € "
Under Armour,SpeedForm Leather FG Chaussures de foot Homme,"51,60 € "
Puma,EvoPower 1.3 Leather FG Chaussures de foot Homme,"57,60 € "
adidas,Nemeziz 17.3 AG Football Boots Mens,"76,80 € "
adidas,Predator Tango 18 Football Boots Mens,"76,80 € "
adidas,Messi 16.3 FG Homme Chaussures de foot,"70,79 € "
Sondico,Blaze FG Mens Football Boots,"59,99 € "
Sondico,Blaze Homme Astro Turf Tennis,"59,99 € "
Under Armour,Spotlight FG Chaussures de foot Homme,"57,60 € "
Under Armour,Spotlight FG Chaussures de foot Homme,"57,59 € "
adidas,Ace 16.1 Leather FG Homme Chaussures de foot,"54,00 € "
Nike,Magista Onda II DF TF Chaussures de foot Homme,"48,00 € "
Nike,Mercurial Victory Dynamic Fit FG Chaussures de foot Homme,"48,00 € "
Nike,Magista Onda DF Chaussures de foot Homme,"48,00 € "
Nike,Magista Onda II DF FG Homme Chaussures de foot,"48,00 € "
Nike,Tiempo Mystic Homme Astro Turf Tennis,"42,00 € "
Nike,Hypervenom X Phelon III TF Chaussures de foot Homme,"39,60 € "
Nike,Mercurial Vortex FG Chaussures de foot Homme,"39,60 € "
adidas,Ace 16.3 Primemesh Astro Turf Tennis Homme,"39,59 € "
Joma,Sala Max Indoor Homme Chaussures de foot,"39,05 € "
Skechers,Hexgo Astro Turf Football Trainers Mens,"38,40 € "
Nike,Magista Onda II Homme Astro Turf Tennis,"27,00 € "
Umbro,Medusae Premier HG Chaussures de foot Homme,"27,00 € "
Umbro,Medusae Premier HG Chaussures de foot Homme,"27,00 € "
Nike,Magista Ola II FG Chaussures de foot Homme,"25,80 € "
Joma,Maxima Indoor Homme Chaussures de foot,"34,68 € "
Nike,Magista Ola FG Chaussures de foot Homme,"33,60 € "
adidas,Ace 16.3 Homme TF Chaussures de foot,"33,60 € "
Joma,Dribbling Chaussures de foot indoor Homme,"31,20 € "
Joma,Dribling Indoor Court Mens Trainers,"26,40 € "
Puma,Classico C SG Chaussures de foot Homme,"24,00 € "
Under Armour,Spotlight DL FG Chaussures de foot Homme,"21,60 € "
Puma,Classico SG Homme Chaussures de foot,"20,40 € "
Umbro,Classico VI HG Sn83,"23,99 € "
Umbro,Classico VI TF Sn83,"23,86 € "
adidas,X 17.4 FG Chaussures de foot Homme,"50,18 € "
Nike,Bomba X Indoor Court Mens Trainers,"37,20 € "
Nike,Tiempo Rio FG Homme Chaussures de foot,"24,00 € "
Nike,Tiempo Rio Mens Indoor Court Football Trainers,"37,20 € "
Nike,Tiempo Rio III Astro Turf Trainers Mens,"37,20 € "
Nike,Bomba X Mens Astro Turf Boots,"37,20 € "
Puma,365 CT Homme Chaussures de foot indoor,"33,60 € "
Nike,Tiempo Rio III Astro Turf Trainers Mens,"24,00 € "
Nike,Tiempo Rio III Astro Turf Trainers Mens,"24,00 € "
Nike,Tiempo Rio FG Homme Chaussures de foot,"24,00 € "
Nike,Tiempo Rio FG Homme Chaussures de foot,"24,00 € "
Puma,365 Ignite Homme Street Chaussures de foot,"90,00 € "
Puma,365 Ignite Homme Street Chaussures de foot,"66,00 € "
Puma,365 Ignite CT Homme Chaussures de foot indoor,"57,60 € "
Puma,365 Ignite Homme Street Chaussures de foot,"48,00 € "
Puma,365 Ignite Homme Street Chaussures de foot,"48,00 € "
Umbro,Classico V TF Chaussures de foot Homme,"28,79 € "
Umbro,Classico V FG Football Boot Mens,"28,79 € "
Umbro,Veloce II HG Football Boot Mens,"15,00 € "
adidas,Predator 18.3 FG Mens Boots,"87,28 € "
adidas,X Tango 173 Turf Boots,"76,37 € "
Puma,365 NETFIT CT Homme Chaussures de foot indoor,"45,60 € "
adidas,Ace 17.3 Firm Ground Mens Football Boots,"76,36 € "
Joma,Super Regata Chaussures de foot indoor Homme,"42,00 € "
Joma,Super Regata Chaussures de foot indoor Homme,"42,00 € "
Joma,Mundial Leather Homme Chaussures de foot indoor,"38,40 € "
Joma,Mundial Leather Homme Chaussures de foot indoor,"38,40 € "
Nike,Tiempo Ligera SG Chaussures de foot Homme,"36,00 € "
Umbro,Medusae II HG Football Boot Mens,"33,59 € "
Joma,Dribling 721 Homme Chaussures de foot indoor,"31,20 € "
Joma,Dribling 721 Homme Chaussures de foot indoor,"31,20 € "
Joma,Dribling 721 Homme Chaussures de foot indoor,"31,20 € "
Joma,Dribling Homme Astro Turf Tennis,"31,20 € "
Joma,Maxima Homme Chaussures de foot indoor ,"30,00 € "
Joma,Maxima Homme Chaussures de foot indoor ,"30,00 € "
Umbro,Classico FG Homme Chaussures de foot,"25,00 € "
Nike,Tiempo Rio SG Chaussures de foot Homme,"26,40 € "
Nike,Tiempo Rio IV Homme Chaussures de foot indoor,"26,40 € "
Sondico,Strike Homme Astro Turf Tennis,"26,39 € "
Sondico,Strike Soft Ground Football Boots Mens,"26,39 € "
Sondico,Strike Firm Ground Football Boots Mens,"26,39 € "
adidas,Copa 17.3 Firm Ground Mens Football Boots,"69,82 € "
adidas,Nemeziz 17.3 Firm Ground Mens Football Boots,"61,20 € "
adidas,X 17.4 Firm Ground Mens Football Boots,"50,17 € "
Puma,Esito C FG Chaussures de foot Homme,"33,60 € "
Puma,Esito C SG Chaussures de foot Homme,"33,60 € "
Puma,Esito C TF Chaussures de foot Homme,"33,60 € "
Puma,Classico Homme Astro Turf Tennis,"33,60 € "
Puma,Classico C Indoor Football Chaussures Homme,"33,60 € "
Nike,Tiempo Premier Chaussures de foot,"57,60 € "
Nike,Tiempo Ligera FG Chaussures de foot Homme,"57,59 € "
Nike,Tiempo Ligera IC Chaussures de foot Homme,"57,59 € "
Puma,365 IGNITE NETFIT Homme Street Chaussures de foot,"55,20 € "
Nike,Mercurial Victory Dynamic Fit SG Chaussures de foot Homme,"48,00 € "
Nike,Tiempo Rio FG Chaussures de foot Homme,"41,99 € "
Nike,Homme Tiem Rio Bottes,"41,99 € "
Nike,Mercurial Victory TF Chaussures de foot Homme,"39,60 € "
Nike,Bomba X TF Chaussures de foot Homme,"37,20 € "
Nike,Tiem Ligera Bottes,"36,00 € "
Puma,365 CT Homme Chaussures de foot indoor,"36,00 € "
Sondico,Blaze Homme Astro Turf Tennis,"26,40 € "
Sondico,Blaze FG Snr 82,"26,40 € "
Joma,Maxima Homme Chaussures de foot indoor,"25,20 € "
Puma,Classico C FG Chaussures de foot Homme,"24,00 € "
adidas,Nemeziz 17 Plus 360 Agility Mens Laceless FG Football Boots,"168,00 € "
Nike,Magista Orden II SG Chaussures de foot Homme,"90,00 € "
Nike,Premier II FG Homme Chaussures de foot,"89,99 € "
Nike,Mercurial Veloce Dynamic Fit FG Chaussures de foot Homme,"65,40 € "
Umbro,UX 2.0 Pro HG Chaussures de foot Homme,"72,00 € "
Umbro,UX 2.0 Pro HG Chaussures de foot Homme,"72,00 € "
Umbro,UX 2.0 Pro HG Chaussures de foot Homme,"72,00 € "
Umbro,UX 2.0 Pro HG Chaussures de foot Homme,"72,00 € "
Umbro,UX 2.0 Pro HG Chaussures de foot Homme,"54,00 € "
Umbro,UX 2.0 Pro HG Chaussures de foot Homme,"72,00 € "
adidas,Copa 17.3 Firm Ground Mens Football Boots,"36,00 € "
Nike,Mercurial Victory Dynamic Fit TF Chaussures de foot Homme,"48,00 € "
Nike,Hypervenom Phelon DF FG Homme Chaussures de foot,"48,00 € "
Nike,Hypervenom Phelon III FG Chaussures de foot Homme,"29,40 € "
Nike,Hypervenom Phade TF Tennis Homme,"20,40 € "
Nike,Mercurial Vortex TF Chaussures de foot Homme,"20,40 € "
Under Armour,Spotlight BL FG Homme Chaussures de foot,"36,00 € "
Umbro,UX 2.0 Premier HG Chaussures de foot Homme,"36,00 € "
Umbro,UX 2.0 Premier HG Chaussures de foot Homme,"36,00 € "
Umbro,Velocita 2 Premier FG Homme Chaussures de foot,"36,00 € "
Umbro,Velocita 2 Premier FG Homme Chaussures de foot,"36,00 € "
Umbro,Speciali Eternal Premier HG Chaussures de foot Homme,"33,60 € "
Nike,Hypervenom Phade 3 FG Homme Chaussures de foot,"28,80 € "
Umbro,Velocita 2 Premier FG Homme Chaussures de foot,"21,60 € "
Umbro,UX Accuro Premier HG Chaussures de foot Homme,"21,60 € "
Umbro,Speciali Eternal Premier HG Chaussures de foot Homme,"20,40 € "
Nike,Magista Orden II FG Chaussures de foot Homme,"87,60 € "
Umbro,Velocita Pro SG Chaussures de foot Homme,"78,00 € "
Umbro,Velocita Pro SG Chaussures de foot Homme,"78,00 € "
Umbro,Velocita Pro HG Chaussures de foot Homme,"78,00 € "
Umbro,Velocita Pro HG Chaussures de foot Homme,"78,00 € "
Umbro,Velocita Pro HG Chaussures de foot Homme,"78,00 € "
Umbro,Speciali Eternal Pro SG Chaussures de foot Homme,"60,00 € "
Umbro,Speciali Eternal Pro HG Chaussures de foot Homme,"57,60 € "
Umbro,Speciali Eternal Pro HG Chaussures de foot Homme,"43,20 € "
Umbro,Speciali Eternal Pro HG Chaussures de foot Homme,"57,60 € "
adidas,Gloro 16.1 Firm Ground Chaussures de foot Junior Boys,"45,59 € "
Umbro,Velocita Pro SG Chaussures de foot Homme,"44,39 € "
Umbro,UX 2.0 Pro SG Chaussures de foot Homme,"42,00 € "
Umbro,UX 2.0 Pro SG Chaussures de foot Homme,"42,00 € "
Nike,Mercurial Victory FG Chaussures de foot Homme,"39,60 € "
Umbro,Speciali Eternal Premier SG Chaussures de foot Homme,"36,00 € "
Umbro,Speciali Eternal Premier SG Chaussures de foot Homme,"36,00 € "
Under Armour,Spotlight Homme Astro Turf Bottes,"36,00 € "
Umbro,Velocita Premier HG Chaussures de foot Homme,"33,60 € "
Umbro,Velocita Premier HG Chaussures de foot Homme,"33,60 € "
Umbro,Velocita Premier HG Chaussures de foot Homme,"33,60 € "
Umbro,UX 1 Premier HG Chaussures de foot Homme,"30,00 € "
adidas,Gloro 16.2 Firm Ground Chaussures de foot Homme,"24,00 € "
Under Armour,Spotlight DL FG Chaussures de foot Homme,"21,60 € "
ONeills,Apollo II FG Chaussures de foot Homme,"20,00 € "
ONeills,Apollo II TF Chaussures de foot Homme,"20,00 € "
Umbro,UX Accuro Club HG Chaussures de foot Homme,"19,20 € "
adidas,X 17.1 FG Homme Chaussures de foot,"108,00 € "
adidas,X 17.2 FG Homme Chaussures de foot,"67,20 € "
adidas,Nemeziz 17.2 FG Homme Chaussures de foot,"78,00 € "
adidas,X 17.3 FG Homme Chaussures de foot,"43,20 € "
adidas,Ace Tango 17.3 Turf Chaussures de foot Homme,"57,60 € "
adidas,Nemeziz 17.3 Homme Astro Turf Tennis,"48,00 € "
adidas,Nemeziz 17.3 FG Homme Chaussures de foot,"36,00 € "
adidas,Ace 16.3 Homme TF Chaussures de foot,"46,80 € "
adidas,Ace 17.4 Sala Indoor Tennis indoor Homme,"38,40 € "
adidas,Ace 17.4 Homme Astro Turf Tennis,"38,40 € "
adidas,X 17.4 TF Chaussures de foot Homme,"37,20 € "
adidas,Copa 17.3 FG Homme Chaussures de foot,"36,00 € "
adidas,Ace 16 3 Astro Turf Chaussures de foot Homme,"33,60 € "
adidas,Nemeziz 17.4 Homme Astro Turf Tennis,"30,00 € "
Joma,Dribling Indoor Tennis indoor Homme,"27,60 € "
Joma,Dribling Indoor Tennis indoor Homme,"27,60 € "
Joma,Dribling Indoor Tennis indoor Homme,"27,60 € "
adidas,Ace 17.4 FG Homme Chaussures de foot,"27,60 € "
Joma,Maxima Chaussures de foot indoor Homme,"24,00 € "
adidas,X 16.3 Astro Turf Tennis Homme,"41,40 € "
adidas,X 16.4 Indoor Tennis indoor Homme,"33,60 € "
Joma,Dribling Indoor Tennis indoor Homme,"27,60 € "
Puma,EvoSpeed 17.5 FG Chaussures de foot Homme,"27,60 € "
Umbro,Medus Club FG Homme Chaussures de foot,"26,40 € "
Joma,Maxima Chaussures de foot indoor Homme,"18,00 € "
adidas,Ace 17.1 Primeknit FG Chaussures de foot Homme,"162,00 € "
adidas,X 16.1 FG Chaussures de foot Homme,"102,00 € "
adidas,Ace 17.3 Primemesh FG Homme Chaussures de foot,"77,99 € "
adidas,Copa 17.2 FG Chaussures de foot Homme,"66,00 € "
adidas,Ace 17.2 Primemesh FG Chaussures de foot Homme,"60,00 € "
adidas,X 16.2 FG Chaussures de foot Homme,"60,00 € "
Nike,Tiempo Mystic FG Homme Chaussures de foot,"57,60 € "
adidas,X 16.3 FG Chaussures de foot Homme,"41,40 € "
Nike,Mercurial Victory Homme Indoor Tennis indoor,"37,80 € "
adidas,Copa 17.3 Homme Astro Turf Tennis,"46,80 € "
Nike,Mercurial Victory Dynamic Fit Homme Chaussures de foot indoor,"45,60 € "
Nike,Mercurial Victory Dynamic Fit Homme Astro Turf Tennis,"45,60 € "
Nike,Tiempo Genio Leather Homme Astro Turf Tennis,"31,20 € "
adidas,Messi 16.3 FG Homme Chaussures de foot,"39,60 € "
adidas,Messi 16.3 Homme Astro Turf Tennis,"39,60 € "
adidas,Ace 17.3 Primemesh Homme Chaussures de foot indoor,"39,60 € "
adidas,X 16.3 Homme Chaussures de foot indoor,"39,60 € "
Nike,Mercurial Vortex FG Chaussures de foot Homme,"38,40 € "
Nike,Hypervenom III 3 Phade Astro Turf Tennis Homme,"28,80 € "
Nike,Hypervenom III 3 Phelon Astro Turf Tennis Homme,"27,00 € "
Nike,Mercurial Victory Homme Astro Turf Tennis,"36,00 € "
Nike,Hypervenom III 3 Phelon FG Chaussures de foot Homme,"36,00 € "
Nike,Mercurial Victory FG Chaussures de foot Homme,"36,00 € "
adidas,Messi 16.2 FG Homme Chaussures de foot,"35,99 € "
Nike,Magista Ola II Astro Turf Tennis Homme,"25,80 € "
adidas,Goletto Firm Ground Chaussures de foot Homme,"31,20 € "
Nike,Tiempo Rio FG Homme Chaussures de foot,"30,00 € "
Nike,Hypervenom III 3 Phade FG Chaussures de foot Homme,"27,60 € "
Nike,Mercurial Vortex Astro Turf Tennis Homme,"27,60 € "
Nike,Mercurial Vortex Indoor Tennis indoor Homme,"27,60 € "
Nike,Mercurial Victory FG Chaussures de foot Homme,"37,80 € "
adidas,Ace 17.4 FG Chaussures de foot Homme,"28,80 € "
adidas,Ace 17.4 Sala Indoor Tennis indoor Homme,"38,40 € "
Nike,Mercurial Vortex Indoor Tennis indoor Homme,"38,40 € "
Nike,Mercurial Vortex Astro Turf Tennis Homme,"20,40 € "
Nike,Hypervenom III 3 Phatal Dynamic Fit FG Chaussures de foot Homme,"85,20 € "
adidas,Copa 17.1 FG Homme Chaussures de foot,"90,00 € "
adidas,Ace 17.2 Primemesh FG Chaussures de foot Homme,"84,00 € "
adidas,Messi 16.1 FG Chaussures de foot Homme,"102,00 € "
adidas,X 16.2 FG Chaussures de foot Homme,"60,00 € "
adidas,X 16.3 FG Chaussures de foot Homme,"55,20 € "
adidas,Copa 17.2 FG Chaussures de foot Homme,"48,00 € "
adidas,Copa 17.3 Homme Astro Turf Tennis,"34,80 € "
adidas,Copa 17.2 FG Chaussures de foot Homme,"42,00 € "
Nike,Tiempo Mystic FG Chaussures de foot Homme,"42,00 € "
adidas,Messi 16.3 FG Chaussures de foot Homme,"39,60 € "
adidas,Messi 16.3 Astro Turf Tennis Homme,"39,60 € "
adidas,Messi 16.3 Indoor Tennis indoor Homme,"39,60 € "
adidas,Ace 17.4 Astro Turf Tennis Homme,"38,40 € "
Nike,Hypervenom III 3 X Phade Indoor Tennis indoor Homme,"38,40 € "
Nike,Hypervenom III 3 Phade FG Chaussures de foot Homme,"28,80 € "
Nike,Mercurial Vortex FG Chaussures de foot Homme,"28,80 € "
Nike,Magista Onda FG Chaussures de foot Homme,"27,00 € "
Nike,Mercurial Victory Astro Turf Tennis Homme,"27,00 € "
adidas,Messi 16.2 FG Chaussures de foot Homme,"35,99 € "
adidas,Messi 16.4 FG Chaussures de foot Homme,"25,80 € "
adidas,Copa 17.3 FG Homme Chaussures de foot,"25,20 € "
Nike,Magista Ola FG Chaussures de foot Homme,"33,60 € "
adidas,Messi 16.1 FG Chaussures de foot Homme,"61,19 € "
adidas,Copa 17.2 FG Chaussures de foot Homme,"48,00 € "
adidas,Copa 17.2 SG Chaussures de foot,"48,00 € "
adidas,Copa 17.3 FG Homme Chaussures de foot,"33,60 € "
adidas,Copa 17.3 Indoor Tennis indoor Homme,"46,80 € "
adidas,Messi 16.2 FG Chaussures de foot Homme,"36,00 € "
Joma,Dribling Indoor Tennis indoor Homme,"27,60 € "
Nike,Mercurial Victory CR7 DF SG Chaussures de foot Homme,"63,60 € "
Nike,Tiempo Genio Astro Turf Tennis Homme,"42,00 € "
Hummel,Inter Pro Indoor Chaussures de foot Homme,"42,00 € "
adidas,Messi 16.3 Indoor Tennis indoor Homme,"39,60 € "
adidas,Messi 16.3 FG Chaussures de foot Homme,"39,60 € "
adidas,Ace 17.4 Astro Turf Tennis Homme,"38,40 € "
Hummel,Inter Indoor Tennis indoor Homme,"36,00 € "
adidas,Messi 16.4 FG Chaussures de foot Homme,"34,80 € "
adidas,Copa 17.3 FG Homme Chaussures de foot,"33,60 € "
adidas,Copa 17.3 Homme Astro Turf Tennis,"33,60 € "
Joma,Maxima Chaussures de foot indoor Homme,"24,00 € "
Joma,Maxima Chaussures de foot indoor Homme,"24,00 € "
adidas,Messi 16.2 FG Chaussures de foot Homme,"60,00 € "
Kelme,Precision Indoor Tennis indoor Homme,"34,80 € "
Kelme,Precision Indoor Tennis indoor Homme,"34,80 € "
Joma,Dribling Indoor Tennis indoor Homme,"31,20 € "
Kelme,K Strong Indoor Tennis indoor Homme,"28,80 € "
Kelme,K Strong Indoor Tennis indoor Homme,"28,80 € "
Kelme,K Strong Indoor Tennis indoor Homme,"28,80 € "
Kelme,K Strong Indoor Tennis indoor Homme,"28,80 € "
Joma,Maxima Chaussures de foot indoor Homme,"21,60 € "
Joma,Maxima Chaussures de foot indoor Homme,"28,80 € "
Joma,Dribling Indoor Tennis indoor Homme,"20,40 € "
Joma,Maxima Chaussures de foot indoor Homme,"24,00 € "
adidas,Ace 16.1 PrimeKnit FG Chaussures de foot Homme,"120,00 € "
adidas,Ace 16.1 FG Chaussures de foot Homme,"90,00 € "
Nike,Hypervenom Phelon Mens Trainers,"36,00 € "
adidas,Goletto SG Chaussures de foot Homme,"26,40 € "
Nike,Magista Opus SG Chaussures de foot Homme,"68,39 € "
Puma,evoSpeed 1 SL Leather FG Chaussures de foot Homme,"50,40 € "
adidas,Goletto Indoor Tennis indoor Homme,"38,40 € "
adidas,Goletto Homme Astro Turf Tennis,"38,40 € "
adidas,Goletto Homme Astro Turf Tennis,"38,40 € "
adidas,Goletto Firm Ground Chaussures de foot Homme,"38,40 € "
adidas,Goletto Firm Ground Chaussures de foot Homme,"38,40 € "
adidas,Goletto Indoor Tennis indoor Homme,"31,20 € "
Sondico,Pedibus Indoor Counrt Tennis Homme,"19,20 € "
Sondico,Pedibus Indoor Counrt Tennis Homme,"19,20 € "
Sondico,Pedibus Indoor Counrt Tennis Homme,"19,20 € "
Sondico,Pedibus Indoor Counrt Tennis Homme,"19,20 € "
Puma,evo Speed SL Leather FG Chaussures de foot Homme,"114,00 € "
Puma,EvoPower 1.3 FG Chaussures de foot Homme,"90,00 € "
adidas,Ace 16.1 SG Chaussures de foot Homme,"72,00 € "
adidas,X16.2 FG Chaussures de foot Homme,"60,00 € "
Puma,Evo Power 2.3 FG Chaussures de foot Homme,"60,00 € "
adidas,X16.2 Leather FG Chaussures de foot Homme,"60,00 € "
Puma,evoSpeed SL FG Chaussures de foot Homme,"57,60 € "
Puma,evoSpeed 3.5 Leather SG Chaussures de foot Homme,"54,00 € "
adidas,Ace 16.2 Leather FG Chaussures de foot Homme,"34,20 € "
Puma,Evo Power 3.3 FG Chaussures de foot Homme,"42,00 € "
adidas,X 16.3 Leather Astro Turf Trainers Mens,"39,60 € "
adidas,Messi 16.3 Astro Turf Tennis Homme,"39,60 € "
adidas,Ace 16.3 FG Chaussures de foot Homme,"33,60 € "
adidas,Ace 16.3 Homme TF Leather Chaussures de foot,"33,59 € "
Puma,evoSpeed 3.5 Leather FG Chaussures de foot Homme,"32,39 € "
adidas,Messi 16.3 FG Chaussures de foot Homme,"23,99 € "
adidas,Ace 16.3 Leather FG Chaussures de foot Homme,"20,39 € "
Under Armour,ClutchFit Force 2.0 FG Chaussures de foot Homme,"96,00 € "
Under Armour,Spotlight Hybride Chaussures de foot Homme,"57,60 € "
Under Armour,ClutchFit Force 2.0 Hybride SG Chaussures de foot Homme,"57,59 € "
Nike,Tiempo Genio FG Homme Chaussures de foot,"42,00 € "
Nike,Mercurial Victory Indoor Tennis indoor Homme,"36,00 € "
Nike,Tiempo Rio Homme FG Chaussures de foot,"32,40 € "
adidas,X 15.1 Leather FG Homme Chaussures de foot,"90,00 € "
Joma,Lozana Indoor Chaussures de foot Homme,"27,60 € "
Joma,Dribbling Chaussures de foot indoor Homme,"31,20 € "
Joma,Dribbling Chaussures de foot indoor Homme,"31,20 € "
Joma,Maxina Chaussures de foot indoor Homme,"21,60 € "
Joma,Maxina Chaussures de foot indoor Homme,"21,60 € "
Joma,Dribbling Chaussures de foot indoor Homme,"27,60 € "
adidas,X 15.1 FG Homme Chaussures de foot,"53,99 € "
adidas,Ace 16.2 Leather FG Homme Chaussures de foot,"48,00 € "
Nike,Tiempo Genio Artificial Turf Homme Chaussures de foot ,"31,20 € "
adidas,X 15.1 FG Homme Chaussures de foot,"72,00 € "
adidas,X 15.1 Leather FG Homme Chaussures de foot,"72,00 € "
adidas,Adi Predito Fg Snr,"30,00 € "
Puma,Esito Classic FgSn,"40,80 € "
adidas,X 15.1 Leather FG Homme Chaussures de foot,"54,00 € "
Puma,Evopower 4.2 Firm Ground Chaussures de foot Homme,"34,80 € "
adidas,Ace 16.2 Leather FG Homme Chaussures de foot,"48,00 € "
adidas,X 15.2 FG Homme Chaussures de foot,"36,00 € "
Sondico,Futsal II Homme Chaussures de foot indoor,"21,60 € "
adidas,Ace 16.2 Leather FG Homme Chaussures de foot,"23,99 € "
adidas,X 15.2 Leather FG Homme Chaussures de foot,"23,99 € "
adidas,Ace 16.2 FG Homme Chaussures de foot,"23,99 € "
Nike,Magista Opus Homme FG Chaussures de foot,"108,00 € "
adidas,Gloro 16.1 FG Homme Chaussures de foot,"66,00 € "
adidas,Messi 15.1 FG Homme Chaussures de foot,"57,60 € "
Kelme,Copa Homme Chaussures de foot indoor,"28,80 € "
Kelme,Millennium Homme Chaussures de foot indoor,"28,80 € "
Kelme,Millennium Homme Chaussures de foot indoor,"28,80 € "
Kelme,Millennium Homme Chaussures de foot indoor,"21,60 € "
Kelme,Copa Homme Chaussures de foot indoor,"21,60 € "
Kelme,Copa Homme Chaussures de foot indoor,"28,80 € "
Puma,EvoSpeed 3.4 Homme SG Chaussures de foot,"27,60 € "
Kelme,America Homme Chaussures de foot indoor,"24,00 € "
Kelme,America Homme Chaussures de foot indoor,"24,00 € "
Kelme,America Homme Chaussures de foot indoor,"24,00 € "
Kelme,Copa Homme Chaussures de foot indoor,"22,80 € "
Kelme,America Homme Chaussures de foot indoor,"18,00 € "
adidas,Mundial Goal Homme Chaussures de foot indoor,"105,59 € "
adidas,X 15.1 Leather FG Homme Chaussures de foot ,"76,80 € "
Puma,evoSpeed 1 Leather Homme Firm Ground Chaussures de foot,"50,40 € "
adidas,X 15.1 Leather Homme SG Chaussures de foot,"96,00 € "
adidas,Ace 15.1 Leather FG Homme Chaussures de foot ,"57,59 € "
Puma,Liga Classic Homme FG Chaussures de foot,"27,00 € "
adidas,X 15.3 FG Homme Chaussures de foot ,"30,00 € "
Sondico,Venata FG Homme Chaussures de foot,"18,00 € "
Sondico,Venata Homme Astro Turf Tennis,"24,00 € "
adidas,Kaiser Goal Homme Chaussures de foot indoor,"83,99 € "
Puma,Esito Classic SG Homme Chaussures de foot,"30,00 € "
Puma,Classico FG Homme Chaussures de foot,"28,80 € "
Puma,Classico Homme Astro Turf Tennis,"21,60 € "
Puma,Esito Classic Homme Astro Turf Tennis,"30,00 € "
Puma,Esito Classic FG Chaussures de foot,"30,00 € "
adidas,X 15.1 Leather SG Homme Chaussures de foot,"76,80 € "
adidas,X 15.1 Leather FG Homme Chaussures de foot,"57,60 € "
adidas,Goletto SG Chaussures de foot Homme,"33,60 € "
adidas,Kaiser Liga FG Homme Chaussures de foot,"48,00 € "
adidas,Kaiser Cup SG Homme Chaussures de foot,"31,19 € "
adidas,Kaiser Liga FG Homme Chaussures de foot,"48,00 € "
adidas,Goletto Homme Astro Turf Tennis,"31,20 € "
adidas,Goletto FG Homme Chaussures de foot,"23,40 € "
Nike,Premier SG Homme Chaussures de foot,"36,00 € "
Sondico,Strike II FG Homme Chaussures de foot,"21,00 € "
Sondico,Strike II Homme Astro Turf Chaussures de foot,"21,00 € "
Sondico,Strike II SG Homme Chaussures de foot,"19,20 € "
Nike,Premier FG Homme Chaussures de foot,"60,00 € "
Sondico,Flair SG MensFootball Bottes,"10,79 € "
Puma,King Haut di FG Homme Chaussures de foot,"113,99 € "
Puma,King Pro SG Homme Chaussures de foot,"113,99 € "
Puma,King Allround Homme Astro Turf Tennis,"95,99 € "
adidas,Kaiser Cup SG Homme Chaussures de foot,"83,99 € "
adidas,Copa Mundial FG Homme Chaussures de foot,"126,00 € "
adidas,World Cup SG Homme Chaussures de foot,"126,00 € "
adidas,Kaiser Liga FG Homme Chaussures de foot,"83,99 € "
